Entidad,Tipo
"Búsquedas Laborales FIUNER














  






 







Búsquedas
Laborales 

",PER
Nuevas,MISC
Posiciones,PER
Equipos Médicos,MISC
Gerente de Ventas,LOC
Tendrá,MISC
Ejecutivos de Ventas,MISC
1 Analista de Negocios,LOC
Especialista de producto,MISC
"Asimismo llevará adelante proyectos de mejora
de procesos interdepartamentales",MISC
Se orienta a graduados,MISC
Bioingeniería,PER
"Ing.
Biomédica",PER
Farmacia,LOC
Bioquímica,ORG
Lic.,LOC
Comercialización,LOC
Los interesados,MISC
"Asunto ""Gte",PER
"Ventas 04""- Analista de Asuntos Regulatorios Sr Para",MISC
Serán,LOC
Preparar presentaciones,MISC
Mantener,ORG
Verificar,LOC
"Autoridad
Sanitaria de Chile",LOC
Identificar,LOC
Revisar etiquetado,MISC
Bioquímica,ORG
Farmacia,LOC
Biongeniería,LOC
diagnóstico,LOC
Los interesados,MISC
"Asunto ""Reg",PER
Ingeniero de Servicio Técnico Jr,LOC
Liderará,PER
"El puesto
incluye la capacitación",MISC
Asimismo será responsable,MISC
Ing.,PER
Sistemas,LOC
Mecánica,LOC
Electrónica,PER
Bioingeniería,PER
Interior,MISC
Los interesados,MISC
Boletín,PER
Secretaría de Extensión,ORG
Bienestar,LOC
Comunicación,LOC
Facultad de Ingeniería,LOC
Universidad Nacional de Entre Ríos,ORG
Facultad,LOC
Tel,LOC
